<?xml version="1.0" encoding="UTF-8"?>
<!DOCTYPE mapper
  PUBLIC "-//mybatis.org//DTD Mapper 3.0//EN"
  "https://mybatis.org/dtd/mybatis-3-mapper.dtd">
  
<mapper namespace="com.fastcampus.ch4.dao.BoardMapper">
	<sql id="select">
		SELECT bno, title, content, writer, view_cnt
		FROM board 
	</sql>
	
	<select id="select" parameterType="int" resultType="BoardDto">
		<include refid="select" />
		WHERE bno = #{bno}
	</select>
	
	<select id="selectAll" resultType="BoardDto">
		<include refid="select" />
	</select>
	
	<insert id="insert" parameterType="BoardDto">
		INSERT INTO board
			(title, content, writer)
		VALUES 
		( #{title}, #{content}, #{writer} )
	</insert>
	
	<update id="update" parameterType="BoardDto">
		UPDATE board
		SET
			title = #{title},
			content = #{content}
		WHERE bno = #{bno}
	</update>
	
	<delete id="delete" parameterType="int">
		DELETE FROM board
		WHERE bno = #{bno}
	</delete>
	
	<delete id="deleteAll">
		DELETE FROM board
	</delete>
</mapper>
